community_name,subscribers,size_category,platform,active_users,activity_ratio
psychologystudents,162828.0,Massive (>100K),Reddit,,
AcademicPsychology,162631.0,Massive (>100K),Reddit,,
IndiaCareers,212096.0,Massive (>100K),Reddit,,
UKUniversityStudents,38564.0,Large (10K-100K),Reddit,,
slpGradSchool,21481.0,Large (10K-100K),Reddit,,
jobhunting,14260.0,Large (10K-100K),Reddit,,
gradschoolmemes,11005.0,Large (10K-100K),Reddit,,
GradSchoolAdvice,9046.0,Medium (1K-10K),Reddit,,
GradSchool,905811.0,Massive (>100K),Reddit,,
TechCareerShifter,20044.0,Large (10K-100K),Reddit,,
GraduateSchool,10355.0,Large (10K-100K),Reddit,,
EngineeringGradSchool,1335.0,Medium (1K-10K),Reddit,,
highereducation,62780.0,Large (10K-100K),Reddit,,
collegeresults,58507.0,Large (10K-100K),Reddit,,
Environmental_Careers,42967.0,Large (10K-100K),Reddit,,
InternationalStudents,23086.0,Large (10K-100K),Reddit,,
Sonographers,17534.0,Large (10K-100K),Reddit,,
ChristUniversity,8645.0,Medium (1K-10K),Reddit,,
CareerAdvicePH,7718.0,Medium (1K-10K),Reddit,,
PaidInternships,2472.0,Medium (1K-10K),Reddit,,
EngineeringStudents,912806.0,Massive (>100K),Reddit,,
medlabprofessionals,107126.0,Massive (>100K),Reddit,,
veterinaryprofession,26448.0,Large (10K-100K),Reddit,,
cscareers,18039.0,Large (10K-100K),Reddit,,
SocialWorkStudents,9314.0,Medium (1K-10K),Reddit,,
gradschoolph,3648.0,Medium (1K-10K),Reddit,,
UKLawStudents,2413.0,Medium (1K-10K),Reddit,,
resumetailoring,1239.0,Medium (1K-10K),Reddit,,
jobs,2050754.0,Massive (>100K),Reddit,,
ApplyingToCollege,1235561.0,Massive (>100K),Reddit,,
medicalschool,759482.0,Massive (>100K),Reddit,,
phcareers,568784.0,Massive (>100K),Reddit,,
studentsph,486230.0,Massive (>100K),Reddit,,
forhire,467250.0,Massive (>100K),Reddit,,
csMajors,362732.0,Massive (>100K),Reddit,,
APStudents,336137.0,Massive (>100K),Reddit,,
gradadmissions,303960.0,Massive (>100K),Reddit,,
education,210485.0,Massive (>100K),Reddit,,
Professors,157423.0,Massive (>100K),Reddit,,
IndustrialDesign,144956.0,Massive (>100K),Reddit,,
RemoteJobHunters,105438.0,Massive (>100K),Reddit,,
PHJobs,103167.0,Massive (>100K),Reddit,,
UniversityOfHouston,44777.0,Large (10K-100K),Reddit,,
OpenUniversity,34759.0,Large (10K-100K),Reddit,,
TransferStudents,25585.0,Large (10K-100K),Reddit,,
PAstudent,21801.0,Large (10K-100K),Reddit,,
jobsearch,19262.0,Large (10K-100K),Reddit,,
LawStudentsCanada,9192.0,Medium (1K-10K),Reddit,,
statecollege,4944.0,Medium (1K-10K),Reddit,,
newgradnurse,4837.0,Medium (1K-10K),Reddit,,
ThaparUniversity,4633.0,Medium (1K-10K),Reddit,,
CentennialCollege,1717.0,Medium (1K-10K),Reddit,,
NIOS_Students,1702.0,Medium (1K-10K),Reddit,,
UniversityMaastricht,1486.0,Medium (1K-10K),Reddit,,
gradadmissions_intl,1390.0,Medium (1K-10K),Reddit,,
careerguidance,4693587.0,Massive (>100K),Reddit,,
CollegeBasketball,2992795.0,Massive (>100K),Reddit,,
college,2910466.0,Massive (>100K),Reddit,,
cscareerquestions,2251345.0,Massive (>100K),Reddit,,
FinancialCareers,1593600.0,Massive (>100K),Reddit,,
resumes,1211659.0,Massive (>100K),Reddit,,
recruitinghell,995413.0,Massive (>100K),Reddit,,
LawSchool,885944.0,Massive (>100K),Reddit,,
StudentLoans,644072.0,Massive (>100K),Reddit,,
ITCareerQuestions,493567.0,Massive (>100K),Reddit,,
OverwatchUniversity,354189.0,Massive (>100K),Reddit,,
UKJobs,298546.0,Massive (>100K),Reddit,,
delhiuniversity,285836.0,Massive (>100K),Reddit,,
SGExams,281688.0,Massive (>100K),Reddit,,
jobsearchhacks,243864.0,Massive (>100K),Reddit,,
StudentNurse,174772.0,Massive (>100K),Reddit,,
cscareerquestionsEU,144587.0,Massive (>100K),Reddit,,
LawStudentsPH,126291.0,Massive (>100K),Reddit,,
EngineeringResumes,118896.0,Massive (>100K),Reddit,,
PhysicsStudents,110730.0,Massive (>100K),Reddit,,
UniversityofReddit,96463.0,Large (10K-100K),Reddit,,
ItaliaCareerAdvice,92954.0,Large (10K-100K),Reddit,,
physicianassistant,91588.0,Large (10K-100K),Reddit,,
internships,89036.0,Large (10K-100K),Reddit,,
physicaltherapy,81675.0,Large (10K-100K),Reddit,,
SecurityCareerAdvice,69379.0,Large (10K-100K),Reddit,,
Resume,56475.0,Large (10K-100K),Reddit,,
Career_Advice,50057.0,Large (10K-100K),Reddit,,
geologycareers,49465.0,Large (10K-100K),Reddit,,
PennStateUniversity,47671.0,Large (10K-100K),Reddit,,
University,44581.0,Large (10K-100K),Reddit,,
CyberSecurityJobs,41014.0,Large (10K-100K),Reddit,,
Careers,35282.0,Large (10K-100K),Reddit,,
NursingStudents,34248.0,Large (10K-100K),Reddit,,
cscareerquestionsCAD,27963.0,Large (10K-100K),Reddit,,
UniversityTR,26536.0,Large (10K-100K),Reddit,,
IndianaUniversity,24140.0,Large (10K-100K),Reddit,,
managementconsulting,11573.0,Large (10K-100K),Reddit,,
journalismjobs,9295.0,Medium (1K-10K),Reddit,,
ohiouniversity,4596.0,Medium (1K-10K),Reddit,,
Medical_Students,3724.0,Medium (1K-10K),Reddit,,
AIJobsBoard,3283.0,Medium (1K-10K),Reddit,,
forageStudents,2757.0,Medium (1K-10K),Reddit,,
SonographyStudents,2242.0,Medium (1K-10K),Reddit,,
compsci,3993741.0,Massive (>100K),Reddit,,
careeradvice,659347.0,Massive (>100K),Reddit,,
GetEmployed,610264.0,Massive (>100K),Reddit,,
CompTIA,265862.0,Massive (>100K),Reddit,,
humanresources,168036.0,Massive (>100K),Reddit,,
HireaWriter,104916.0,Massive (>100K),Reddit,,
gamemaker,94908.0,Large (10K-100K),Reddit,,
actuary,61621.0,Large (10K-100K),Reddit,,
slp,58500.0,Large (10K-100K),Reddit,,
AccountingPH,46307.0,Large (10K-100K),Reddit,,
instructionaldesign,43795.0,Large (10K-100K),Reddit,,
austinjobs,35867.0,Large (10K-100K),Reddit,,
Internationalteachers,33914.0,Large (10K-100K),Reddit,,
academiceconomics,29308.0,Large (10K-100K),Reddit,,
ProWordPress,21291.0,Large (10K-100K),Reddit,,
NetworkingJobs,15269.0,Large (10K-100K),Reddit,,
Students,7542.0,Medium (1K-10K),Reddit,,
BostonUniversity,6514.0,Medium (1K-10K),Reddit,,
UniversityofFlorida,5030.0,Medium (1K-10K),Reddit,,
cscareeradvice,1511.0,Medium (1K-10K),Reddit,,
marketing,1838030.0,Massive (>100K),Reddit,,
cybersecurity,1207056.0,Massive (>100K),Reddit,,
ExperiencedDevs,283101.0,Massive (>100K),Reddit,,
Indian_Academia,236288.0,Massive (>100K),Reddit,,
editors,155498.0,Massive (>100K),Reddit,,
6thForm,148330.0,Massive (>100K),Reddit,,
WGU,146910.0,Massive (>100K),Reddit,,
Dentistry,144354.0,Massive (>100K),Reddit,,
publichealth,142927.0,Massive (>100K),Reddit,,
nathanforyou,134755.0,Massive (>100K),Reddit,,
UofT,131431.0,Massive (>100K),Reddit,,
nus,125532.0,Massive (>100K),Reddit,,
uwaterloo,102236.0,Massive (>100K),Reddit,,
scholarships,84632.0,Large (10K-100K),Reddit,,
taxpros,80141.0,Large (10K-100K),Reddit,,
foodscience,54753.0,Large (10K-100K),Reddit,,
springfieldMO,54298.0,Large (10K-100K),Reddit,,
yorku,50939.0,Large (10K-100K),Reddit,,
librarians,41649.0,Large (10K-100K),Reddit,,
dietetics,30942.0,Large (10K-100K),Reddit,,
duke,17265.0,Large (10K-100K),Reddit,,
dartmouth,10110.0,Large (10K-100K),Reddit,,
UofB,9117.0,Medium (1K-10K),Reddit,,
AmericanU,4167.0,Medium (1K-10K),Reddit,,
WriteIvy,1874.0,Medium (1K-10K),Reddit,,
worldnews,45897835.0,Massive (>100K),Reddit,,
CFB,4350262.0,Massive (>100K),Reddit,,
math,3896611.0,Massive (>100K),Reddit,,
antiwork,2864792.0,Massive (>100K),Reddit,,
AskEngineers,2659983.0,Massive (>100K),Reddit,,
AskAcademia,2070331.0,Massive (>100K),Reddit,,
Accounting,1149060.0,Massive (>100K),Reddit,,
sysadmin,1045157.0,Massive (>100K),Reddit,,
MLS,965698.0,Massive (>100K),Reddit,,
japanlife,635479.0,Massive (>100K),Reddit,,
sales,474805.0,Massive (>100K),Reddit,,
BudgetAudiophile,308527.0,Massive (>100K),Reddit,,
leetcode,296647.0,Massive (>100K),Reddit,,
PinoyProgrammer,275863.0,Massive (>100K),Reddit,,
Btechtards,254690.0,Massive (>100K),Reddit,,
SampleSize,235206.0,Massive (>100K),Reddit,,
MechanicalEngineering,194552.0,Massive (>100K),Reddit,,
projectmanagement,187473.0,Massive (>100K),Reddit,,
biotech,180036.0,Massive (>100K),Reddit,,
pharmacy,179704.0,Massive (>100K),Reddit,,
dataanalysis,162548.0,Massive (>100K),Reddit,,
Neuropsychology,154703.0,Massive (>100K),Reddit,,
AskComputerScience,138807.0,Massive (>100K),Reddit,,
BlueArchive,134856.0,Massive (>100K),Reddit,,
cissp,80524.0,Large (10K-100K),Reddit,,
rutgers,79326.0,Large (10K-100K),Reddit,,
udub,61982.0,Large (10K-100K),Reddit,,
nursepractitioner,54137.0,Large (10K-100K),Reddit,,
ufl,51773.0,Large (10K-100K),Reddit,,
stanford,43600.0,Large (10K-100K),Reddit,,
DentalHygiene,39037.0,Large (10K-100K),Reddit,,
mit,34112.0,Large (10K-100K),Reddit,,
StartupAccelerators,20254.0,Large (10K-100K),Reddit,,
CUNY,20240.0,Large (10K-100K),Reddit,,
PHXList,14716.0,Large (10K-100K),Reddit,,
NursingAU,11482.0,Large (10K-100K),Reddit,,
SkillBridge,9881.0,Medium (1K-10K),Reddit,,
OSUOnlineCS,9688.0,Medium (1K-10K),Reddit,,
teflteachers,5560.0,Medium (1K-10K),Reddit,,
ilstu,5269.0,Medium (1K-10K),Reddit,,
Durhamu,3887.0,Medium (1K-10K),Reddit,,
ExpatStudentEdu's server,160.0,Small (100-1K),Discord,10.0,0.0625
*｡✧ Study Flora ✿｡*,169.0,Small (100-1K),Discord,19.0,0.1124260355029585
CS PhD & MS Applicants - 2025,5027.0,Medium (1K-10K),Discord,199.0,0.0395862343345932
CS Career Hub,36382.0,Large (10K-100K),Discord,4277.0,0.1175581331427629
STEM Network,14414.0,Large (10K-100K),Discord,1518.0,0.1053142777854863
Grad Student Support Group,57.0,Tiny (<100),Discord,0.0,0.0
/r/LawSchool Discord,13600.0,Large (10K-100K),Discord,777.0,0.0571323529411764
Space Mentors,180.0,Small (100-1K),Discord,25.0,0.1388888888888889
/r/LawSchool Discord,13600.0,Large (10K-100K),Discord,777.0,0.0571323529411764
The Midnight Club,176.0,Small (100-1K),Discord,14.0,0.0795454545454545
GradBuddies,220.0,Small (100-1K),Discord,6.0,0.0272727272727272
Nouswise,414.0,Small (100-1K),Discord,26.0,0.0628019323671497
Grad School Applicants,1934.0,Medium (1K-10K),Discord,84.0,0.0434332988624612
Internships,3089.0,Medium (1K-10K),Discord,94.0,0.0304305600517966
Medschool Application,3533.0,Medium (1K-10K),Discord,239.0,0.0676478913105009
teenserv,84727.0,Large (10K-100K),Discord,5721.0,0.0675227495367474
r/jobs,19641.0,Large (10K-100K),Discord,1416.0,0.0720940888956774
Muslim Medical Community,156.0,Small (100-1K),Discord,3.0,0.0192307692307692
Tech Interview Prep,18199.0,Large (10K-100K),Discord,2134.0,0.1172591900653882
Short Note Bot beta,24.0,Tiny (<100),Discord,0.0,0.0
PostPair,71.0,Tiny (<100),Discord,4.0,0.056338028169014
BME Bytes,435.0,Small (100-1K),Discord,52.0,0.1195402298850574
Partner Up,403.0,Small (100-1K),Discord,15.0,0.0372208436724565
r/jobs,19641.0,Large (10K-100K),Discord,1416.0,0.0720940888956774
SHQ,433.0,Small (100-1K),Discord,30.0,0.069284064665127
Psychology,807.0,Small (100-1K),Discord,25.0,0.0309789343246592
UMED,334.0,Small (100-1K),Discord,17.0,0.0508982035928143
Adoptee Grad Students,28.0,Tiny (<100),Discord,4.0,0.1428571428571428
Study Here,149779.0,Massive (>100K),Discord,6592.0,0.0440115102918299
Class of 2023,6.0,Tiny (<100),Discord,0.0,0.0
Duck Tales,136.0,Small (100-1K),Discord,14.0,0.1029411764705882
FBLA,1718.0,Medium (1K-10K),Discord,239.0,0.139115250291036
ApplyingToCollege,43829.0,Large (10K-100K),Discord,4125.0,0.0941157680987474
/r/LawSchool Discord,13600.0,Large (10K-100K),Discord,782.0,0.0575
intlgradadmission,912.0,Small (100-1K),Discord,19.0,0.0208333333333333
business_internshipswx,95596.0,Large (50K-100K),Instagram,2084.0,0.021800075316958867
work_jobsearchc,73260.0,Large (50K-100K),Instagram,1926.0,0.02628992628992629
job_careeradvicedldjq,56719.0,Large (50K-100K),Instagram,2154.0,0.03797669211375377
college_universitylifeeha,44316.0,Medium (10K-50K),Instagram,910.0,0.020534344254896652
university_gradschool,38431.0,Medium (10K-50K),Instagram,1211.0,0.03151101974968125
college_collegelife,25605.0,Medium (10K-50K),Instagram,647.0,0.025268502245655144
edu_collegelifenwph,11551.0,Medium (10K-50K),Instagram,317.0,0.02744351138429573
college_studentlifeas,8183.0,Small (5K-10K),Instagram,406.0,0.04961505560307956
work_careeradvicesni,8050.0,Small (5K-10K),Instagram,142.0,0.01763975155279503
university_studentlifeluxjs,26559.0,Medium (10K-50K),Instagram,420.0,0.015813848412967357
edu_gradschooloruf,17148.0,Medium (10K-50K),Instagram,512.0,0.02985770935386051
pro_internships,92108.0,Large (50K-100K),Instagram,2215.0,0.024047856863681764
business_resumetipslzu,60292.0,Large (50K-100K),Instagram,1218.0,0.02020168513235587
academic_gradschooljaqb,42848.0,Medium (10K-50K),Instagram,1943.0,0.04534634055265123
pro_resumetipsef,79144.0,Large (50K-100K),Instagram,1384.0,0.01748711209946427
