name,url,subscribers,description,created_utc,is_active,keyword,last_updated,student_score,professional_score,relevance_score,community_type
psychologystudents,https://www.reddit.com/r/psychologystudents/,162828.0,"We are a place for students of psychology to discuss study methods, receive assistance with homework, enquire for job-searching advice, and all else that come to mind.

This community is aimed at those at the beginner to intermediate level, generally in or around undergraduate studies. Graduate students and professionals are recommended to our sister subreddit, r/AcademicPsychology.",2012-11-10,True,grad school,2025-05-10,8,3,11,Student-focused
AcademicPsychology,https://www.reddit.com/r/AcademicPsychology/,162631.0,"A place to share and discuss articles/issues related to all fields of psychology. Discussions should be of an academic nature, avoiding ‚Äòpop psychology.‚Äô This is also a place to talk about your own psychology research, methods, and career in order to gain input from our vast psychology community.
This subreddit is generally aimed at those in an intermediate to master level, mostly in/around graduate school, or for professionals; undergraduates, etc., are recommended for r/psychologystudents.",2011-07-01,True,grad school,2025-05-10,8,3,11,Student-focused
IndiaCareers,https://www.reddit.com/r/IndiaCareers/,212096.0,"Welcome to IndiaCareers, your go-to hub for career advice, job opportunities, and professional growth in India! Whether you're a fresh graduate, an experienced professional, or looking to make a career switch, our community offers support, resources, and discussions on various industries, resume building, interview tips, career advancement, and more. Join us to connect with like-minded individuals, share your experiences, and find guidance to achieve your career goals in India!






",2015-10-26,True,career advice,2025-05-10,1,9,10,Professional-focused
UKUniversityStudents,https://www.reddit.com/r/UKUniversityStudents/,38564.0,"This sub is about discussing  Uni life in the UK. Share your views, seek advice on study, careers, and get help from fellow students and staff. ",2014-11-25,True,students,2025-05-10,8,1,9,Student-focused
slpGradSchool,https://www.reddit.com/r/slpGradSchool/,21481.0,"This subreddit has been created specifically for speech-language pathology students to converse about the graduate school application process and for current and former students to discuss, anonymously, everything and anything surrounding the world of SLP schooling. ",2015-09-14,True,grad school,2025-05-10,9,0,9,Student-focused
jobhunting,https://www.reddit.com/r/jobhunting/,14260.0,"Welcome to  üíº JobHunting (part of r/RemoteWorkSource )!  This sub is for professional job leads, resume/cover tips, interview advice, and more. **DO NOT SPAM THIS BOARD WITH AFFILIATE JOB LINKS, ARTICLES LINKED TO YOUR FEE-BASED SITES, OR OTHER GARBAGE. ** [Recruiters welcome to post, providing company, name, and email is given.] This sub is run by www.careerpowerup.com.",2013-09-11,True,job hunting,2025-05-10,0,9,9,Professional-focused
gradschoolmemes,https://www.reddit.com/r/gradschoolmemes/,11005.0,"A subreddit for memes relating to grad school, life as a graduate student, etc.",2013-10-27,True,grad school,2025-05-10,9,0,9,Student-focused
GradSchoolAdvice,https://www.reddit.com/r/GradSchoolAdvice/,9046.0,For newer grad students or anyone seeking advice and support regarding grad school. Come on down and ask away.,2015-01-17,True,grad school,2025-05-10,9,0,9,Student-focused
GradSchool,https://www.reddit.com/r/GradSchool/,905811.0,"Discussion forum for current, past, and future students of any discipline completing post-graduate studies - taught or research.",2009-08-13,True,grad school,2025-05-10,8,0,8,Student-focused
TechCareerShifter,https://www.reddit.com/r/TechCareerShifter/,20044.0,"Welcome to Tech Career Shifter Philippines! We are a community of Filipino career shifters and self-learners who support each other's transition into the tech industry. It is open to everyone aspiring to be a Tech Professional: self-learners, IT/CS students and fresh graduates, and career-shifters alike.",2022-03-05,True,coding bootcamp,2025-05-10,2,6,8,Professional-focused
GraduateSchool,https://www.reddit.com/r/GraduateSchool/,10355.0,"Discussion forum for current, past, and future students of any discipline completing post-graduate studies - taught or research.",2008-07-08,True,grad school,2025-05-10,8,0,8,Student-focused
EngineeringGradSchool,https://www.reddit.com/r/EngineeringGradSchool/,1335.0,"A subreddit dedicated to those who are pursuing or have received a Master of Science, a Master of Engineering, or a Doctor of Philosophy in an Engineering discipline.

This sub seeks to provide a place where graduate students in Engineering can ask questions and receive answers from others in similar disciplines, which can be difficult in more broad subreddits.",2014-08-31,True,grad school,2025-05-10,8,0,8,Student-focused
highereducation,https://www.reddit.com/r/highereducation/,62780.0,"A subreddit for News and Policy--and discussion about higher education in an increasingly difficult time. Ideal for people working in and around higher ed‚Äî or those interested in joining! 
Please Note: Students- this is the NEWS & POLICY sub. You're looking for r/gradschool",2009-06-10,True,college students,2025-05-10,7,0,7,Student-focused
collegeresults,https://www.reddit.com/r/collegeresults/,58507.0,Subreddit dedicated to compiling data about undergraduate and transfer admissions. All students are encouraged to post their stats and college decisions. Current applicants are welcome to browse through past posts!,2015-10-16,True,college students,2025-05-10,7,0,7,Student-focused
Environmental_Careers,https://www.reddit.com/r/Environmental_Careers/,42967.0,"A place to discuss careers and professional development related to environmental sciences and engineering, including compliance, permitting, assessments, remediation, and related fields.  An emphasis is placed on career advice and job hunting.",2016-12-29,True,career advice,2025-05-10,0,7,7,Professional-focused
InternationalStudents,https://www.reddit.com/r/InternationalStudents/,23086.0,"This is a community for international students to talk about studying in the USA or anywhere else. It can be about anything from getting scholarships, visas, getting internships and jobs, culture, etc.",2016-08-09,True,students,2025-05-10,5,2,7,Student-focused
Sonographers,https://www.reddit.com/r/Sonographers/,17534.0,"A professional, tech-oriented space for all diagnostic sonographers to share interesting cases, patient stories, CME info, ask questions about education, schooling, vent about job situations, etc. 
Current sonography students & technologists are welcome to post. Career questions are welcome in the weekly thread.  

Laypeople are welcome to use r/radiology or r/ultrasound. 

Please familiarize yourself with the sub rules prior to posting.",2019-01-26,True,new grads,2025-05-10,3,4,7,Professional-focused
ChristUniversity,https://www.reddit.com/r/ChristUniversity/,8645.0,"Welcome to r/ChristUniversity ‚Äì the unofficial hub for all things Christ University. Whether you're a current student, alumni, aspirant, or just curious, this is your space to discuss academics, campus life, clubs, fests, placements, hostels, and more. Share your experiences, ask questions, find notes, post memes (in the right thread), and build your Christite network. Let‚Äôs keep it respectful, helpful, and fun!",2016-07-15,True,university,2025-05-10,7,0,7,Student-focused
CareerAdvicePH,https://www.reddit.com/r/CareerAdvicePH/,7718.0,"A subreddit focused on providing advice and resources for job seekers and those looking to advance their careers, with discussions on topics such as networking, resumes, and interviews in the Philippines.",2021-11-29,True,career advice,2025-05-10,0,7,7,Professional-focused
PaidInternships,https://www.reddit.com/r/PaidInternships/,2472.0,"r/PaidInternships is for PAID ONLY college/university internships, asking school-related questions, offering advice, or sharing anything related to college.  Our hashtag #PayTheIntern.",2020-03-05,True,internships,2025-05-10,3,4,7,Professional-focused
EngineeringStudents,https://www.reddit.com/r/EngineeringStudents/,912806.0,"This is a place for engineering students of any discipline to discuss study methods, get  homework help, get job search advice, and find a compassionate ear when you get a 40% on your midterm after studying all night.",2011-05-04,True,grad school,2025-05-10,5,1,6,Student-focused
medlabprofessionals,https://www.reddit.com/r/medlabprofessionals/,107126.0,"Medical Lab Scientists
Medical Lab Technicians
Cytogeneticists
Cytotechnologists
Histologists
Phlebotomists
Lab Processors",2013-07-15,True,new grads,2025-05-10,0,6,6,Professional-focused
veterinaryprofession,https://www.reddit.com/r/veterinaryprofession/,26448.0,"This is a forum for people currently in the veterinary profession or looking to go into the profession to discuss anything related to the veterinary industry such as vet school and entry to vet school, career advice, veterinary related news, difficulties in the veterinary profession, or just discussing the annoying/interesting part of your day.",2016-07-25,True,new grads,2025-05-10,1,5,6,Professional-focused
cscareers,https://www.reddit.com/r/cscareers/,18039.0,"For discussion of computer science careers, software development, software engineering. All discussions about CS careers are encouraged not just those beneficial to recruiters and interviewers. Sharing job-finding information, tips/tricks is welcome. Part of the Reddit Safe Community Network.",2015-12-21,True,college students,2025-05-10,0,6,6,Professional-focused
SocialWorkStudents,https://www.reddit.com/r/SocialWorkStudents/,9314.0,"This sub is dedicated to students and educators in the field of Social Work. This is a place for us to connect, discuss, get advice and homework help, and develop into our profession. We work to improve the field of Social Work as is within our ethics as professionals.",2019-10-03,True,students,2025-05-10,4,2,6,Student-focused
gradschoolph,https://www.reddit.com/r/gradschoolph/,3648.0,,2022-08-26,True,grad school,2025-05-10,6,0,6,Student-focused
UKLawStudents,https://www.reddit.com/r/UKLawStudents/,2413.0,"This Subreddit is for all students studying, thinking about studying, or hoping to study Law in the UK.  The Subreddit /r/lawschool has a very American driven content, so this is for anyone who lives in the UK and wants to enjoy the same level of community that /r/lawschool gives the American students.",2015-07-28,True,students,2025-05-10,6,0,6,Student-focused
resumetailoring,https://www.reddit.com/r/resumetailoring/,1239.0,Helping others tailor the resume for a specific job description as this is the most important aspect of the job hunting. Unfortunately it's also the most time consuming. After successfully landing an interview with a tailored resume we will post before and after posts. Reach out to me if you need help with tailoring.,2024-08-27,True,job hunting,2025-05-10,0,6,6,Professional-focused
jobs,https://www.reddit.com/r/jobs/,2050754.0,"/r/jobs is the number one community for advice relating to your career. 

Head to our discord for live support: discord.gg/4nJztvj",2008-03-25,True,career advice,2025-05-10,0,5,5,Professional-focused
ApplyingToCollege,https://www.reddit.com/r/ApplyingToCollege/,1235561.0,"r/ApplyingToCollege is the premier forum for college admissions questions, advice, and discussions, from college essays and scholarships to college list help and application advice, career guidance, and more. A2C supports a welcoming and inclusive environment. Harassment, intimidation, and bullying are not tolerated.",2013-08-02,True,college students,2025-05-10,4,1,5,Student-focused
medicalschool,https://www.reddit.com/r/medicalschool/,759482.0,/r/medicalschool is an international community for medical students,2009-12-10,True,students,2025-05-10,5,0,5,Student-focused
phcareers,https://www.reddit.com/r/phcareers/,568784.0,Anything related to careers in the Philippines. Job listing not allowed.,2020-06-22,True,job hunting,2025-05-10,0,5,5,Professional-focused
studentsph,https://www.reddit.com/r/studentsph/,486230.0,"For students from the Philippines, by students from the Philippines. 

For strand, course, admission and related questions, please post on r/CollegeAdmissionsPH.",2019-01-19,True,college students,2025-05-10,5,0,5,Student-focused
forhire,https://www.reddit.com/r/forhire/,467250.0,"Some redditors are skilled professionals, some redditors need skilled professionals. 


Scroll down for general information and our rules. Please read through these carefully, as breaking them can be a bannable offense.",2009-05-27,True,professional development,2025-05-10,0,5,5,Professional-focused
csMajors,https://www.reddit.com/r/csMajors/,362732.0,All about studying and students of computer science.,2014-10-05,True,college students,2025-05-10,5,0,5,Student-focused
APStudents,https://www.reddit.com/r/APStudents/,336137.0,"No matter what course you are taking, we are a community that helps students earn college credit!",2013-08-20,True,college students,2025-05-10,5,0,5,Student-focused
gradadmissions,https://www.reddit.com/r/gradadmissions/,303960.0,"This subreddit is for anyone who is going through the process of getting into graduate school, and for those who've been there and have advice to give.",2012-02-28,True,university,2025-05-10,5,0,5,Student-focused
education,https://www.reddit.com/r/education/,210485.0,"The goal of r/Education is to provide a community in which educational stakeholders can participate in meaningful, reflective, and thought-provoking discourse about educational policy, research, technology, and politics. Additional Keywords, teachers, students, education",2008-03-21,True,college students,2025-05-10,5,0,5,Student-focused
Professors,https://www.reddit.com/r/Professors/,157423.0,"This sub is for discussions amongst college & university faculty. Whether you are an adjunct, a lecturer, a grad TA or tenured stream if you teach students at the college level, this space is for you! While we welcome students and non-academics lurking and learning, posts and comments are not allowed. If you're new here, please familiarize yourself with the sub rules and follow them. If you're ever unsure, feel free to reach out to the moderators for clarification.",2011-09-14,True,college students,2025-05-10,5,0,5,Student-focused
IndustrialDesign,https://www.reddit.com/r/IndustrialDesign/,144956.0,"A community for Industrial Design students and professionals. Discussing projects, school advice, sketches, portfolios and career help.",2008-06-15,True,career advice,2025-05-10,2,3,5,Professional-focused
RemoteJobHunters,https://www.reddit.com/r/RemoteJobHunters/,105438.0,"Landing an entry-level remote role can be a long, lonely process. But with this subreddit, you will never be alone!

Here you can find entry-level remote jobs and paid internships; ask questions; and so much more.",2021-05-19,True,internships,2025-05-10,0,5,5,Professional-focused
PHJobs,https://www.reddit.com/r/PHJobs/,103167.0,Soon the No. 1 Job Office for the Philippines,2017-12-12,True,job hunting,2025-05-10,0,5,5,Professional-focused
UniversityOfHouston,https://www.reddit.com/r/UniversityOfHouston/,44777.0,"A subreddit for students, alumni or fans of the University of Houston.

GO COOGS!",2010-04-23,True,university,2025-05-10,5,0,5,Student-focused
OpenUniversity,https://www.reddit.com/r/OpenUniversity/,34759.0,"An unofficial subreddit for students, staff and anyone interested in the UK's Open University to discuss matters relating to the OU.",2011-01-16,True,university,2025-05-10,5,0,5,Student-focused
TransferStudents,https://www.reddit.com/r/TransferStudents/,25585.0,A place for conversations about the experience of transferring between colleges and other institutions for higher education.,2018-05-23,True,college students,2025-05-10,5,0,5,Student-focused
PAstudent,https://www.reddit.com/r/PAstudent/,21801.0,"This is a subreddit for PA students who are looking for general support, as well as lifestyle and study tips.",2016-11-17,True,new grads,2025-05-10,5,0,5,Student-focused
jobsearch,https://www.reddit.com/r/jobsearch/,19262.0,"The subreddit for discussing job hunting strategies and tips, hacks, or anything related to career advancement. If you are tired of seeing ads targeting job seekers, you can come here for a change.",2008-09-30,True,job hunting,2025-05-10,0,5,5,Professional-focused
LawStudentsCanada,https://www.reddit.com/r/LawStudentsCanada/,9192.0,"A place to discuss the Canadian law school application process, law school, and the legal profession.

We also have a Discord server where we talk about law school admissions, the LSAT, beyond law school, and the law generally.",2021-05-29,True,students,2025-05-10,4,1,5,Student-focused
statecollege,https://www.reddit.com/r/statecollege/,4944.0,"A subreddit for the citizens of State College, and the Students at Penn State. ",2010-03-15,True,college students,2025-05-10,5,0,5,Student-focused
newgradnurse,https://www.reddit.com/r/newgradnurse/,4837.0,"Welcome to the 'New Grad Nurse' Subreddit!

This is a dedicated space for new graduate nurses to come together, share experiences, ask for advice, and support each other as we navigate the early stages of our nursing careers. Whether you‚Äôre seeking guidance on clinical skills, dealing with the challenges of balancing work and personal life, or simply looking to connect with others who understand what you‚Äôre going through, you‚Äôre in the right place.",2022-02-16,True,new grads,2025-05-10,4,1,5,Student-focused
ThaparUniversity,https://www.reddit.com/r/ThaparUniversity/,4633.0,"The subreddit for the students of Thapar University, Patiala. ",2022-01-19,True,university,2025-05-10,5,0,5,Student-focused
CentennialCollege,https://www.reddit.com/r/CentennialCollege/,1717.0,A sub-reddit for Centennial College Students of Ontario. (Not officially affiliated),2012-02-02,True,college students,2025-05-10,5,0,5,Student-focused
NIOS_Students,https://www.reddit.com/r/NIOS_Students/,1702.0,"Welcome to r/NIOS_Students! This subreddit serves as a platform for NIOS students to connect, share information, seek advice, and support each other. Whether you're looking for enrollment guidance, study tips, or assistance with NIOS-related issues, this community is here to help.

**This is not an official subreddit of NIOS, it is maintained by students**",2024-03-03,True,students,2025-05-10,5,0,5,Student-focused
UniversityMaastricht,https://www.reddit.com/r/UniversityMaastricht/,1486.0,"This is a subreddit for all your questions or stories about the University of Maastricht.

Created on March 3rd, 2024

Rules:
- No spam
- No NSFW
- No bullying
- No trolling
- English or Dutch language desired


Requirements to post:
None, you can post if you are interested in the university or if you have questions for other students. 

Note: This sub is not an official Maastricht University subreddit. It's a sub to help each other out, nothing more than that. 

",2024-03-03,True,university,2025-05-10,5,0,5,Student-focused
gradadmissions_intl,https://www.reddit.com/r/gradadmissions_intl/,1390.0,"This subreddit is for anyone who is going through the process of getting into graduate school outside the US, and for those who've been there and have advice to give.",2020-09-20,True,grad school,2025-05-10,5,0,5,Student-focused
careerguidance,https://www.reddit.com/r/careerguidance/,4693587.0,"A place to discuss career options, to ask questions and give advice!",2011-12-24,True,career advice,2025-05-10,0,4,4,Professional-focused
CollegeBasketball,https://www.reddit.com/r/CollegeBasketball/,2992795.0,"Your home for College Basketball on the internet. Forever.  

Discord: https://discord.gg/redditcbb  

Twitter: https://twitter.com/redditCBB",2010-02-22,True,university,2025-05-10,4,0,4,Student-focused
college,https://www.reddit.com/r/college/,2910466.0,The subreddit for discussion related to college and collegiate life.,2008-01-25,True,college students,2025-05-10,4,0,4,Student-focused
cscareerquestions,https://www.reddit.com/r/cscareerquestions/,2251345.0,CSCareerQuestions is a community for  those who  are in  the process of entering or are already part of the computer science field. Our goal is to help navigate and share challenges of the industry and strategies to be  successful . ,2011-03-18,True,grad school,2025-05-10,0,4,4,Professional-focused
FinancialCareers,https://www.reddit.com/r/FinancialCareers/,1593600.0,Plan your career in the wide world of finance.,2011-03-04,True,career advice,2025-05-10,0,4,4,Professional-focused
resumes,https://www.reddit.com/r/resumes/,1211659.0,Get help with your resume! Checkout the wiki and/or sidebar for resources and info!,2009-06-14,True,internships,2025-05-10,0,4,4,Professional-focused
recruitinghell,https://www.reddit.com/r/recruitinghell/,995413.0,"Did a recruiter make you send them a resume and still fill out all the same information on their website?  Did a candidate send a cover letter that just says ""PLEASE LET ME WORK HERE""?  Tell us those stories!",2016-01-15,True,internships,2025-05-10,0,4,4,Professional-focused
LawSchool,https://www.reddit.com/r/LawSchool/,885944.0,"For current and former Law School Redditors. Ask questions, seek advice, post outlines, etc. This is NOT a forum for legal advice.",2009-10-29,True,internships,2025-05-10,4,0,4,Student-focused
StudentLoans,https://www.reddit.com/r/StudentLoans/,644072.0,"/r/StudentLoans: Reddit's hub for advice, articles, and general discussion about getting and repaying student loans.",2010-04-19,True,grad school,2025-05-10,4,0,4,Student-focused
ITCareerQuestions,https://www.reddit.com/r/ITCareerQuestions/,493567.0,This subreddit is designed to help anyone in or interested in the IT field to ask career-related questions.,2014-02-03,True,career advice,2025-05-10,0,4,4,Professional-focused
OverwatchUniversity,https://www.reddit.com/r/OverwatchUniversity/,354189.0,"/r/OverwatchUniversity is a subreddit for learning about the game Overwatch. Featuring VOD reviews, guides, answers for all your questions, and more!",2016-05-10,True,university,2025-05-10,4,0,4,Student-focused
UKJobs,https://www.reddit.com/r/UKJobs/,298546.0,"A community intended to provide a place for users wanting to ask questions or create discussions, all related to the UK and jobs within the UK.

Make sure to read the rules before posting or commenting. It is an assumption that by posting on this subreddit you already have a right to work in the UK, if not, there are better subreddits/websites for that information.",2011-03-27,True,job hunting,2025-05-10,0,4,4,Professional-focused
delhiuniversity,https://www.reddit.com/r/delhiuniversity/,285836.0,A reddit page for the most vibrant university in India.,2016-08-10,True,university,2025-05-10,4,0,4,Student-focused
SGExams,https://www.reddit.com/r/SGExams/,281688.0,"W·¥á ü·¥Ñ·¥è·¥ç·¥á ·¥õ·¥è  Ä/SGEx·¥Ä·¥çs ‚Äì the largest community on reddit discussing education and student life in Singapore!

SGExams is also more than a subreddit - we're a registered nonprofit that organises initiatives supporting students' academics, career guidance, mental health and holistic development, such as webinars and mentorship programmes. Interested in our programmes? Follow us on Instagram (instagram.com/sgexams) or look out for the pinned posts on the subreddit for updates! ¬© Es·¥õ·¥Ä ô ü…™s ú·¥á·¥Ö MMXVII",2017-10-26,True,internships,2025-05-10,3,1,4,Student-focused
jobsearchhacks,https://www.reddit.com/r/jobsearchhacks/,243864.0,"Forget traditional job searching - improve your odds with good tips, tricks and tactics that help you stand out.",2012-05-01,True,job hunting,2025-05-10,0,4,4,Professional-focused
StudentNurse,https://www.reddit.com/r/StudentNurse/,174772.0,Practically anything and everything related to nursing school.,2012-12-09,True,new grads,2025-05-10,4,0,4,Student-focused
cscareerquestionsEU,https://www.reddit.com/r/cscareerquestionsEU/,144587.0,A subreddit for those with questions about computer science & IT careers within Europe,2017-02-20,True,internships,2025-05-10,0,4,4,Professional-focused
LawStudentsPH,https://www.reddit.com/r/LawStudentsPH/,126291.0,"The place for those who are currently enrolled in law school, and those who already passed the Bar. 

Please Read the Rules and FAQ of the Sub before posting.",2018-04-05,True,students,2025-05-10,4,0,4,Student-focused
EngineeringResumes,https://www.reddit.com/r/EngineeringResumes/,118896.0,A place to review and discuss engineering resumes. Please read the wiki before posting!,2015-03-31,True,internships,2025-05-10,0,4,4,Professional-focused
PhysicsStudents,https://www.reddit.com/r/PhysicsStudents/,110730.0,A place for physics students of any level to discuss the intricate profoundness of the universe.,2013-03-19,True,grad school,2025-05-10,4,0,4,Student-focused
UniversityofReddit,https://www.reddit.com/r/UniversityofReddit/,96463.0,"Welcome to the University of Reddit, a place for redditors to learn!",2010-05-07,True,university,2025-05-10,4,0,4,Student-focused
ItaliaCareerAdvice,https://www.reddit.com/r/ItaliaCareerAdvice/,92954.0,"Branch italiano del sub CareerAdvice inglese, comunit√† dove ci si scambia esperienze e consigli sulla propria carriera.",2021-05-06,True,career advice,2025-05-10,0,4,4,Professional-focused
physicianassistant,https://www.reddit.com/r/physicianassistant/,91588.0,"Welcome to our virtual space for all things related to Physician Associates. Participation is open to anyone, including PAs, NPs, physicians, nurses, students, medical professionals, and the general public. Please review our 10 rules before contributing.

For pre-PA help, check out /r/prephysicianassistant. PA students may be interested in /r/PAstudent for discussions about PA school.",2011-10-27,True,new grads,2025-05-10,2,2,4,Mixed
internships,https://www.reddit.com/r/internships/,89036.0,Discussions about navigating internships and co-ops. Everything about the process and experience from application to full time offer.,2010-08-15,True,internships,2025-05-10,0,4,4,Professional-focused
physicaltherapy,https://www.reddit.com/r/physicaltherapy/,81675.0,"If you are not a licensed PT, PTA, student counterpart or other healthcare professional please do not post here. This is a sub for practicing physical therapists to discuss cases, research, old and new tricks, or other therapy-relevant topics.  

Requests for advice or education regarding your personal health issues will be removed and you may be banned.  These questions should be discussed directly with your physical therapist.",2012-02-10,True,new grads,2025-05-10,2,2,4,Mixed
SecurityCareerAdvice,https://www.reddit.com/r/SecurityCareerAdvice/,69379.0,"Like CSCareerQuestions, only cooler. This is a place to connect those seeking to learn with those who have walked the path before. Ask your questions about cybersecurity careers here, and mentors can choose to answer as they have time.

Ask. Mentor. Grow.",2018-12-19,True,career advice,2025-05-10,0,4,4,Professional-focused
Resume,https://www.reddit.com/r/Resume/,56475.0,A community where people can submit their resumes for anonymous feedback. General resume questions and discussions are welcomed as well.,2009-03-19,True,new grads,2025-05-10,0,4,4,Professional-focused
Career_Advice,https://www.reddit.com/r/Career_Advice/,50057.0,This subreddit helps redditors find their perfect career by finding out exactly what their passion is.,2012-10-03,True,career advice,2025-05-10,0,4,4,Professional-focused
geologycareers,https://www.reddit.com/r/geologycareers/,49465.0,"Advice, advertisements and other topics relating to any and all jobs in geology; from paleontology to igneous petrology and the energy industry.",2013-05-09,True,grad school,2025-05-10,0,4,4,Professional-focused
PennStateUniversity,https://www.reddit.com/r/PennStateUniversity/,47671.0,The reddit home of Pennsylvania State University. We Are!,2010-01-26,True,university,2025-05-10,4,0,4,Student-focused
University,https://www.reddit.com/r/University/,44581.0,University. Ask questions and give answers so that everyone moves forward.,2008-11-25,True,university,2025-05-10,4,0,4,Student-focused
CyberSecurityJobs,https://www.reddit.com/r/CyberSecurityJobs/,41014.0,A forum for discussing cybersecurity career information.,2016-02-14,True,entry level jobs,2025-05-10,0,4,4,Professional-focused
Careers,https://www.reddit.com/r/Careers/,35282.0,"A community for career discussion, questions and advice.",2009-02-27,True,career advice,2025-05-10,0,4,4,Professional-focused
NursingStudents,https://www.reddit.com/r/NursingStudents/,34248.0,Closed. Go to /r/StudentNurse,2012-04-18,True,students,2025-05-10,4,0,4,Student-focused
cscareerquestionsCAD,https://www.reddit.com/r/cscareerquestionsCAD/,27963.0,A subreddit for those with questions about working in the tech industry or in a CS/dev/programmer related job specifically in Canada.,2021-03-07,True,new grads,2025-05-10,0,4,4,Professional-focused
UniversityTR,https://www.reddit.com/r/UniversityTR/,26536.0,"Reddit T√ºrkiye'nin en aktif ve en b√ºy√ºk √úniversiteliler sayfasƒ±. Yalnƒ±zca T√ºrk√ße ve ƒ∞ngilizce g√∂nderiler kabul edilir.

| Turkey's largest and most active university subreddit. Both Turkish and English posts are welcome. ",2023-08-21,True,university,2025-05-10,4,0,4,Student-focused
IndianaUniversity,https://www.reddit.com/r/IndianaUniversity/,24140.0,**Proud home of Reddit's best University and Hoosiers.**,2011-04-13,True,university,2025-05-10,4,0,4,Student-focused
managementconsulting,https://www.reddit.com/r/managementconsulting/,11573.0,"A community for management consultants and those who are interested in management consulting. Discuss careers, recruiting, exit opportunities and personal/professional development. Be kind.",2015-07-20,True,professional development,2025-05-10,0,4,4,Professional-focused
journalismjobs,https://www.reddit.com/r/journalismjobs/,9295.0,A place to post journalism jobs.,2012-12-14,True,internships,2025-05-10,0,4,4,Professional-focused
ohiouniversity,https://www.reddit.com/r/ohiouniversity/,4596.0,Welcome to Ohio University,2010-01-13,True,university,2025-05-10,4,0,4,Student-focused
Medical_Students,https://www.reddit.com/r/Medical_Students/,3724.0,The best community of medical students. Join with Online community for Medical students & Doctors where you can join various medico all over the world.,2017-04-07,True,students,2025-05-10,4,0,4,Student-focused
AIJobsBoard,https://www.reddit.com/r/AIJobsBoard/,3283.0,"Welcome to EasyJob AI ‚Äì your go-to AI job board.

We‚Äôve got a wide range of AI, ML, Data Science, and Generative AI roles,plus exclusive opportunities at innovative AI startups you won‚Äôt find elsewhere.

This is a place to share, learn, and help shape the future of AI job hunting. Got feedback or feature ideas? Drop them here‚Äîwe‚Äôre building this together. Let‚Äôs make something great.",2025-02-18,True,job hunting,2025-05-10,0,4,4,Professional-focused
forageStudents,https://www.reddit.com/r/forageStudents/,2757.0,Students of the Forage Virtual Work Experience Platform (theforage.com),2021-02-09,True,students,2025-05-10,4,0,4,Student-focused
SonographyStudents,https://www.reddit.com/r/SonographyStudents/,2242.0,"A place where sonography students can vent, ask questions, discuss topics with fellow students, post their accomplishments, all things medical sonography.",2021-08-15,True,students,2025-05-10,4,0,4,Student-focused
compsci,https://www.reddit.com/r/compsci/,3993741.0,"Computer Science Theory and Application. We share and discuss any content that computer scientists find interesting. People from all walks of life welcome, including hackers, hobbyists, professionals, and academics.",2008-03-23,True,internships,2025-05-10,1,2,3,Professional-focused
careeradvice,https://www.reddit.com/r/careeradvice/,659347.0,,2010-01-12,True,career advice,2025-05-10,0,3,3,Professional-focused
GetEmployed,https://www.reddit.com/r/GetEmployed/,610264.0,"A place dedicated to giving and finding job-related advice, be it for resumes, job applications or career paths.",2012-06-13,True,career advice,2025-05-10,0,3,3,Professional-focused
CompTIA,https://www.reddit.com/r/CompTIA/,265862.0,"From the ""looking to get certified,"" to conversations/questions from current students, to certified and working professionals - this subreddit is dedicated to CompTIA certifications. It is not owned, moderated or sponsored in any way by CompTIA.",2011-06-16,True,entry level jobs,2025-05-10,1,2,3,Professional-focused
humanresources,https://www.reddit.com/r/humanresources/,168036.0,"A subreddit for Human Resources professionals: come here to seek career advice, ask questions and get feedback from peers within the HR Community around the world whether you're brand new to HR or a seasoned vet.",2008-05-29,True,professional development,2025-05-10,0,3,3,Professional-focused
HireaWriter,https://www.reddit.com/r/HireaWriter/,104916.0, Welcome to the writer's corner! Please make sure you read the rules before posting and commenting.,2014-01-01,True,entry level jobs,2025-05-10,0,3,3,Professional-focused
gamemaker,https://www.reddit.com/r/gamemaker/,94908.0,"This subreddit is dedicated to providing programmer support for the game development platform, GameMaker Studio. GameMaker Studio is designed to make developing games fun and easy. Coders can take advantage of its built in scripting language, ""GML"" to design and create fully-featured, professional grade games. This subreddit is not designed for promoting your content and is instead focused on helping people make games, not promote them.",2009-04-03,True,professional development,2025-05-10,1,2,3,Professional-focused
actuary,https://www.reddit.com/r/actuary/,61621.0,"Subreddit for actuarial professionals, students and interested (innocent) bystanders. Note that this subreddit is primarily US/CAN focused, however all countries are free to participate.",2008-11-25,True,internships,2025-05-10,1,2,3,Professional-focused
slp,https://www.reddit.com/r/slp/,58500.0,"A community of Speech-Language Pathologists (SLPs), Speech Therapists (STs), Speech-Language Therapists (SLTs), Clinical Fellowship Clinicians (SLP-CFs), Speech-Language Pathology Assistants (SLPAs), graduate clinicians and students. We discuss ideas, stories, information, and give general advice through our personal experience and research. 

Please join /r/SLPGradSchool for pre-graduate school and graduate school related discussion.",2011-06-05,True,grad school,2025-05-10,3,0,3,Student-focused
AccountingPH,https://www.reddit.com/r/AccountingPH/,46307.0,"Accounting Subreddit for Filipinos

Students, Reviewees and CPA professionals are welcome here.

For Students and Reviewees: Ask questions, post review materials, and share your experiences

For CPA professionals: Share your experiences, give advices, ask for help

For EVERYONE: Enjoy your stay and welcome to a material world.",2018-06-17,True,job hunting,2025-05-10,1,2,3,Professional-focused
instructionaldesign,https://www.reddit.com/r/instructionaldesign/,43795.0,"The practice of creating ""instructional experiences which make the acquisition of knowledge and skill more efficient, effective, and appealing."" This community aims to foster inclusive discussion and collaboration between professionals from around the world. Participation is open to everyone, but our policies and moderation aim to keep the sub interesting and relevant to people who are established in their careers.",2012-10-10,True,professional development,2025-05-10,0,3,3,Professional-focused
austinjobs,https://www.reddit.com/r/austinjobs/,35867.0,,2011-05-27,True,job hunting,2025-05-10,0,3,3,Professional-focused
Internationalteachers,https://www.reddit.com/r/Internationalteachers/,33914.0,"This is a subreddit created for certified and qualified teachers* who teach in international schools - wherever they may be. This is a place to share information and discuss issues related to teaching in international schools. 

**Qualified teachers: possess a minimum of a bachelor's degree and a teaching certification. 

Newbies to the career should read the wiki or join us in the Newbie Question thread recurring every Monday. Questions that are already addressed in the wiki will be deleted.",2015-03-22,True,professional development,2025-05-10,2,1,3,Student-focused
academiceconomics,https://www.reddit.com/r/academiceconomics/,29308.0,Unofficial discord: https://discord.gg/4qEc2yp,2009-09-08,True,grad school,2025-05-10,3,0,3,Student-focused
ProWordPress,https://www.reddit.com/r/ProWordPress/,21291.0,"A sub for Professional WordPress developers to ask advanced questions, problem solving, code snippets, workflow methods, and developer focused talks. Do not spam links! Please use r/WordPress for basic/entry level help. Basic posts, plugin spam, etc will be removed.",2013-01-04,True,entry level jobs,2025-05-10,0,3,3,Professional-focused
NetworkingJobs,https://www.reddit.com/r/NetworkingJobs/,15269.0,,2012-04-11,True,job hunting,2025-05-10,0,3,3,Professional-focused
Students,https://www.reddit.com/r/Students/,7542.0,,2009-05-10,True,students,2025-05-10,3,0,3,Student-focused
BostonUniversity,https://www.reddit.com/r/BostonUniversity/,6514.0,A Reddit community for all terriers or interested applicants to discuss everything BU!,2011-07-18,True,university,2025-05-10,3,0,3,Student-focused
UniversityofFlorida,https://www.reddit.com/r/UniversityofFlorida/,5030.0,,2010-09-20,True,university,2025-05-10,3,0,3,Student-focused
cscareeradvice,https://www.reddit.com/r/cscareeradvice/,1511.0,,2016-05-15,True,career advice,2025-05-10,0,3,3,Professional-focused
marketing,https://www.reddit.com/r/marketing/,1838030.0,"For marketing communications + advertising industry professionals to discuss and ask questions related to marketing strategy, media planning, digital, social, search, campaigns, data science, email, user experience, content, copywriting, segmentation, attribution, data visualization, testing, optimization, and martech. Get advice, ask questions, or discuss any marketing-related topics. We are a support network for people working at brands, businesses, agencies, vendors, and academia.",2008-03-23,True,entry level jobs,2025-05-10,0,2,2,Professional-focused
cybersecurity,https://www.reddit.com/r/cybersecurity/,1207056.0,"This subreddit is for technical professionals to discuss cybersecurity news, research, threats, etc.",2012-05-22,True,entry level jobs,2025-05-10,0,2,2,Professional-focused
ExperiencedDevs,https://www.reddit.com/r/ExperiencedDevs/,283101.0,"For experienced developers. This community should be specialized subreddit facilitating discussion amongst individuals who have gained some ground in the software engineering world. 

Any posts or comments that are made by inexperienced individuals (outside of the weekly Ask thread) should be reported.

Anything not specifically related to development or career advice that is _specific_ to Experienced Developers belongs elsewhere. Try /r/work, /r/AskHR, /r/careerguidance, or /r/OfficePolitics.",2018-01-22,True,career advice,2025-05-10,0,2,2,Professional-focused
Indian_Academia,https://www.reddit.com/r/Indian_Academia/,236288.0,"
A subreddit for discussions about Indian higher education, research, admissions process, career advice, resource sharing, and similar topics.",2018-04-22,True,career advice,2025-05-10,1,1,2,Mixed
editors,https://www.reddit.com/r/editors/,155498.0,"This subreddit is geared towards post-professionals. 

Are you trying to become a pro? Feel free to use our ""ASK a PRO"" thread. 

Side hustle? Use the ""Ask a Pro"" thread.

Hobby? For fun? Our sister sub r/videoediting is what you want!",2008-12-07,True,career advice,2025-05-10,0,2,2,Professional-focused
6thForm,https://www.reddit.com/r/6thForm/,148330.0,"A place for sixth formers to speak to others about work, A-levels, results, problems in education and general sixth form life, as well as university applications and UCAS.",2013-08-27,True,university,2025-05-10,2,0,2,Student-focused
WGU,https://www.reddit.com/r/WGU/,146910.0,"Place for Western Governors University students, faculty and alumni to offer positive discussions and positive support for each other.",2011-03-25,True,university,2025-05-10,2,0,2,Student-focused
Dentistry,https://www.reddit.com/r/Dentistry/,144354.0,"Discussions and links of interest for dental professionals on all things dentistry. 

Questions and stories from patients should be redirected to r/askdentists.",2010-04-25,True,new grads,2025-05-10,0,2,2,Professional-focused
publichealth,https://www.reddit.com/r/publichealth/,142927.0,"This community is a space for public health professionals to discuss news, trends, new research, and updates in the field.",2009-10-06,True,career advice,2025-05-10,0,2,2,Professional-focused
nathanforyou,https://www.reddit.com/r/nathanforyou/,134755.0,"A place to post and discuss anything  and everything related to our favorite Canadian business school grad, Nathan Fielder.",2013-02-28,True,grad school,2025-05-10,2,0,2,Student-focused
UofT,https://www.reddit.com/r/UofT/,131431.0,"All things pertaining to academic, social, and cultural activities at the University of Toronto.",2009-10-29,True,grad school,2025-05-10,2,0,2,Student-focused
nus,https://www.reddit.com/r/nus/,125532.0,"Welcome to the **[National University of Singapore](http://www.nus.edu.sg/)** subreddit!
Put the word out for any redditors you know out there.

Posts should be related to NUS. Exchange students/visitors are more than welcome!

Any suggestions or feedback for information to go onto the sidebar are welcome as well!

---

**Good to Know**

* **[NUS Calendar of Events](https://myaces.nus.edu.sg/CoE/)**

* [NUS EZLink Concession Information](http://",2010-01-04,True,internships,2025-05-10,2,0,2,Student-focused
uwaterloo,https://www.reddit.com/r/uwaterloo/,102236.0,Unofficial student and alumni-run subreddit for the University of Waterloo community,2009-10-28,True,university,2025-05-10,2,0,2,Student-focused
scholarships,https://www.reddit.com/r/scholarships/,84632.0,"Looking for scholarships? This subreddit lists opportunities for **U.S. students** who are seeking free money for college. Come back often, as we frequently add new scholarships to our growing list of available awards.",2011-12-22,True,college students,2025-05-10,2,0,2,Student-focused
taxpros,https://www.reddit.com/r/taxpros/,80141.0,"A community for Redditors who are tax professionals to discuss professional development, firm procedures, news, policy, software, AICPA/IRS changes, news/updates about law relating to any tax - U.S. and International, Federal, State, or local.",2014-07-02,True,professional development,2025-05-10,0,2,2,Professional-focused
foodscience,https://www.reddit.com/r/foodscience/,54753.0,"A professional place to discuss questions regarding food science and technology, as well as the greater food industry.

Join our Discord channel for more in depth discussions.

Link: https://discord.gg/x7DbTkAe9D

(For culinary or nutrition questions, visit r/AskCulinary or r/Nutrition.)",2009-01-22,True,grad school,2025-05-10,0,2,2,Professional-focused
springfieldMO,https://www.reddit.com/r/springfieldMO/,54298.0,"A vibrant community for Springfield, Missouri, and the 417 area code! Whether you‚Äôre a resident, visitor, college student, or just passing through the heart of the Ozarks, join us for local news, events, discussions, and all things Springfield and the surrounding Ozarks region.",2008-05-29,True,college students,2025-05-10,2,0,2,Student-focused
yorku,https://www.reddit.com/r/yorku/,50939.0,"The unofficial subreddit for York University, Toronto, Canada. The 3rd largest university in Canada. Also home to the Schulich School of Business and the Osgoode Hall Law School.",2010-12-20,True,university,2025-05-10,2,0,2,Student-focused
librarians,https://www.reddit.com/r/librarians/,41649.0,"For public, academic, special, and prospective librarians discussing librarianship, library management, information science and any topic relevant to this profession.",2008-12-04,True,professional development,2025-05-10,1,1,2,Mixed
dietetics,https://www.reddit.com/r/dietetics/,30942.0,A place for current and future nutrition professionals to discuss all aspects of the profession.,2012-03-26,True,internships,2025-05-10,0,2,2,Professional-focused
duke,https://www.reddit.com/r/duke/,17265.0,"Welcome to the Duke University subreddit! Here you can find discussion of anything Duke-related - sports, academics, activities, anything! Tell your friends!",2010-02-02,True,university,2025-05-10,2,0,2,Student-focused
dartmouth,https://www.reddit.com/r/dartmouth/,10110.0,"The subreddit for Dartmouth College, the Ivy League school located in Hanover, NH.",2009-11-09,True,college students,2025-05-10,2,0,2,Student-focused
UofB,https://www.reddit.com/r/UofB/,9117.0,"The official subreddit for students, staff and alumni of The University of Birmingham, UK.",2011-09-28,True,university,2025-05-10,2,0,2,Student-focused
AmericanU,https://www.reddit.com/r/AmericanU/,4167.0,"The community-ran subreddit of American University in Washington, DC. Open to students; current, future and former. Operated in tandem with the American University Discord server, and AU Steam group.",2011-07-07,True,university,2025-05-10,2,0,2,Student-focused
WriteIvy,https://www.reddit.com/r/WriteIvy/,1874.0,"Step-by-step formulas for writing graduate SOPs that fill you with confidence, flood your inbox with admission offers, and launch your career as a high-achieving scholar.",2022-04-28,True,grad school,2025-05-10,1,1,2,Mixed
worldnews,https://www.reddit.com/r/worldnews/,45897835.0,"A place for major news from around the world, excluding US-internal news.",2008-01-24,True,university,2025-05-10,1,0,1,Student-focused
CFB,https://www.reddit.com/r/CFB/,4350262.0,The home of college football on reddit.,2008-09-09,True,university,2025-05-10,1,0,1,Student-focused
math,https://www.reddit.com/r/math/,3896611.0,"This subreddit is for discussion of mathematics. All posts and comments should be directly related to mathematics, including topics related to the practice, profession and community of mathematics.",2008-01-24,True,grad school,2025-05-10,0,1,1,Professional-focused
antiwork,https://www.reddit.com/r/antiwork/,2864792.0,"A subreddit for those who want to end work, are curious about ending work, want to get the most out of a work-free life, want more information on anti-work ideas and want personal help with their own jobs/work-related struggles.",2013-08-14,True,job hunting,2025-05-10,0,1,1,Professional-focused
AskEngineers,https://www.reddit.com/r/AskEngineers/,2659983.0,"Engineers apply the knowledge of math & science to design and manufacture maintainable systems used to solve specific problems. AskEngineers is a forum for questions about the technologies, standards, and processes used to design & build these systems, as well as for questions about the engineering profession and its many disciplines.",2011-03-27,True,career advice,2025-05-10,0,1,1,Professional-focused
AskAcademia,https://www.reddit.com/r/AskAcademia/,2070331.0,"This subreddit is for discussing academic life, and for asking questions directed towards people involved in academia, (both science and humanities).",2011-01-25,True,grad school,2025-05-10,1,0,1,Student-focused
Accounting,https://www.reddit.com/r/Accounting/,1149060.0,Primarily for accountants and aspiring accountants to learn about and discuss their career choice. Advice and questions welcome.,2009-04-03,True,career advice,2025-05-10,0,1,1,Professional-focused
sysadmin,https://www.reddit.com/r/sysadmin/,1045157.0,A reddit dedicated to the profession of Computer System Administration.,2008-10-21,True,career advice,2025-05-10,0,1,1,Professional-focused
MLS,https://www.reddit.com/r/MLS/,965698.0,"The community for any and all levels of soccer in the United States & Canada, with an emphasis on Major League Soccer.",2009-11-03,True,professional development,2025-05-10,1,0,1,Student-focused
japanlife,https://www.reddit.com/r/japanlife/,635479.0,"For residents of Japan only - if you do not reside in Japan you are welcome to read, but do not post or comment or you will be removed. 


Anything relevant to living or working in Japan such as lifestyle, food, style, environment, education, technology, housing, work, immigration, sport etc.


Rakuten Employees: Do not attempt to distribute your referral codes. We will treat it as spam. Tell Mikitani to take his forced marketing and shove it where the sun don't shine.",2010-01-16,True,job hunting,2025-05-10,1,0,1,Student-focused
sales,https://www.reddit.com/r/sales/,474805.0,"Everything you need to know about sales, selling, business development, lead generation, prospecting, closing and more!  

Recommended books are linked in the menu and sidebar. Read our rules before posting or commenting.  

Selling, recruiting and blog spam will result in an immediate and permanent ban.",2008-05-29,True,career advice,2025-05-10,0,1,1,Professional-focused
BudgetAudiophile,https://www.reddit.com/r/BudgetAudiophile/,308527.0,"This subreddit is for the budget minded audiophile that wants to grow out of soundbars, boomboxes, mini systems, portable bluetooth, lifestyle speakers, and PC peripheral branded audio solutions. 

We focus on education, discussion, and sharing of entry and mid level separate & multi component audio systems.

The only bad audio system, is the one you don't enjoy to the fullest.",2014-01-28,True,entry level jobs,2025-05-10,1,0,1,Student-focused
leetcode,https://www.reddit.com/r/leetcode/,296647.0,Discuss interview prep strategies and leetcode questions,2017-07-08,True,new grads,2025-05-10,0,1,1,Professional-focused
PinoyProgrammer,https://www.reddit.com/r/PinoyProgrammer/,275863.0,"Community of Pinoy programmers to share ideas, projects, job vacancies and socialize with fellow programmers.",2014-09-08,True,coding bootcamp,2025-05-10,0,1,1,Professional-focused
Btechtards,https://www.reddit.com/r/Btechtards/,254690.0,"A community for BTech and Engineering students, aspirants & STEM enthusiasts. From serious discussions, advice-guidance, suggestions to shitposts.",2021-10-17,True,internships,2025-05-10,1,0,1,Student-focused
SampleSize,https://www.reddit.com/r/SampleSize/,235206.0,"A place for surveys and polls to be posted. Research studies for school purposes are welcome as well as opinion polls

We are also a place for people who enjoy responding to surveys to gather and help people obtain responses for their research.

Questions about a mild level of statistics or wording of surveys are also permitted.",2012-02-21,True,college students,2025-05-10,1,0,1,Student-focused
MechanicalEngineering,https://www.reddit.com/r/MechanicalEngineering/,194552.0,"The gathering place for mechanical engineers to discuss current technology, methods, jobs, and anything else related to mechanical engineering.",2010-12-28,True,entry level jobs,2025-05-10,0,1,1,Professional-focused
projectmanagement,https://www.reddit.com/r/projectmanagement/,187473.0,"This is a safe and open environment dedicated to the promotion of project management methodologies, with the purpose of fostering and promoting free discussion about all things project management.

Check out r/PMcareers for career related posts.",2009-09-03,True,career advice,2025-05-10,0,1,1,Professional-focused
biotech,https://www.reddit.com/r/biotech/,180036.0,"News about any technological application that uses biological systems, living organisms, or derivatives thereof, to make or modify products or processes for specific use. | Or we can talk about career advice. Whatever.",2009-05-14,True,career advice,2025-05-10,0,1,1,Professional-focused
pharmacy,https://www.reddit.com/r/pharmacy/,179704.0,"A subreddit for pharmacists, pharmacy students, techs, and anyone else in the pharmaceutical industry.",2008-07-01,True,new grads,2025-05-10,1,0,1,Student-focused
dataanalysis,https://www.reddit.com/r/dataanalysis/,162548.0,"This is a place to discuss and post about data analysis.

Rules:

- Career-focused questions belong in r/DataAnalysisCareers
- Comments should remain civil and courteous.
- All reddit-wide rules apply here.
- Do not post personal information.
- No facebook or social media links.
- Do not spam.
- No 3rd party URL shorteners",2014-07-29,True,entry level jobs,2025-05-10,0,1,1,Professional-focused
Neuropsychology,https://www.reddit.com/r/Neuropsychology/,154703.0,"Neuropsychology is both an experimental and clinical branch of psychology that aims to understand how cognitive functions (memory, attention, etc.) and behavior are related to brain structure and functioning. Although the focus is typically on how injuries or illnesses of the brain (i.e., pathological functions) affect cognition and behavior, it also includes the study normal (i.e., non-pathological) functioning, cognition, and behavior. ",2010-02-03,True,professional development,2025-05-10,1,0,1,Student-focused
AskComputerScience,https://www.reddit.com/r/AskComputerScience/,138807.0,Ask Computer Science Questions And Get Answers!  This subreddit is intended for questions about topics that might be taught by a computer science department at a university.,2011-05-11,True,coding bootcamp,2025-05-10,1,0,1,Student-focused
BlueArchive,https://www.reddit.com/r/BlueArchive/,134856.0,"Blue Archive is an RPG mobile title developed by NAT GAMES, Published by Nexon KR (Global) and Yostar (Japan). The player will be a teacher that leads their students into various incidents around the city.",2020-07-16,True,students,2025-05-10,1,0,1,Student-focused
cissp,https://www.reddit.com/r/cissp/,80524.0,"This sub is for those that are pursuing the CISSP¬Æ and those that have taken the exam and wish to provide feedback on the study methodology and materials employed.  This sub is not supported or managed by ISC2 or its affiliates.  This is an unofficial CISSP¬Æ Reddit sub.

Information about experience requirements/endorsement/CPEs can be found at https://www.isc2.org/",2011-03-30,True,professional development,2025-05-10,1,0,1,Student-focused
rutgers,https://www.reddit.com/r/rutgers/,79326.0,"The official subreddit for Rutgers University 
 
RU RAH RAH",2010-02-18,True,coding bootcamp,2025-05-10,1,0,1,Student-focused
udub,https://www.reddit.com/r/udub/,61982.0,The unofficial subreddit of the University of Washington,2009-10-27,True,university,2025-05-10,1,0,1,Student-focused
nursepractitioner,https://www.reddit.com/r/nursepractitioner/,54137.0,"This is a platform designed to inform and unite the NP community. 

Asking for advice, practice information, the job market, and general banter is encouraged!",2012-10-04,True,new grads,2025-05-10,0,1,1,Professional-focused
ufl,https://www.reddit.com/r/ufl/,51773.0,"This is the unofficial subreddit for the University of Florida, a public university located in Gainesville, Florida.",2010-02-24,True,university,2025-05-10,1,0,1,Student-focused
stanford,https://www.reddit.com/r/stanford/,43600.0,A subreddit for current students and alums to talk about Stanford stuff.,2009-09-21,True,college students,2025-05-10,1,0,1,Student-focused
DentalHygiene,https://www.reddit.com/r/DentalHygiene/,39037.0,"This sub is a place for Dental Hygienists, Dental Hygiene students, and the general public to ask questions and comment about dental hygiene. Dental hygiene is a broad topic so we are pretty lenient on topics. Please read the rules for clarity. All posts must be approved by a mod before they will show up so be patient with us.  
Don't forget to floss your teeth!",2011-09-01,True,new grads,2025-05-10,1,0,1,Student-focused
mit,https://www.reddit.com/r/mit/,34112.0,"This sub is a community for students, faculty, staff, and alumni of the Massachusetts Institute of Technology to discuss all aspects of MIT. There is a  separate sub for admissions questions: r/MITAdmissions.",2008-01-25,True,college students,2025-05-10,1,0,1,Student-focused
StartupAccelerators,https://www.reddit.com/r/StartupAccelerators/,20254.0,"Community for everyone who is interested in joining a startup accelerator program, has graduated from one, or has insight into the experience. 

For accelerator program advocates, graduates, and MDs to share accelerator program insights and answers to those who need them!
Ask questions, get answers, SHARE your stories!!!",2014-06-11,True,new grads,2025-05-10,1,0,1,Student-focused
CUNY,https://www.reddit.com/r/CUNY/,20240.0,An online Meet-up for CUNY students to discuss what ever it is you wish to discuss!,2011-05-16,True,college students,2025-05-10,1,0,1,Student-focused
PHXList,https://www.reddit.com/r/PHXList/,14716.0,"Phoenix area place for Craigslist/classified ad posts to sell items, look for housing, find a job, report lost pets, find services, and more.",2015-11-02,True,job hunting,2025-05-10,0,1,1,Professional-focused
NursingAU,https://www.reddit.com/r/NursingAU/,11482.0,"A subreddit for nurses, nursing students and clinicians in Australia.",2023-01-10,True,new grads,2025-05-10,1,0,1,Student-focused
SkillBridge,https://www.reddit.com/r/SkillBridge/,9881.0,Helping transitioning service members find opportunities to participate in training and industry internships within the last 180 days of service.,2021-05-19,True,internships,2025-05-10,0,1,1,Professional-focused
OSUOnlineCS,https://www.reddit.com/r/OSUOnlineCS/,9688.0,"A subreddit for students of the Oregon State Online Computer Science BS post-bacc program. Find yourself another classmate, get help, or ask questions :)",2014-11-19,True,coding bootcamp,2025-05-10,1,0,1,Student-focused
teflteachers,https://www.reddit.com/r/teflteachers/,5560.0,A subreddit for discussion lesson planning and other activities in our TEFL classrooms and other TEFL teaching related activities. No Job hunting allowed.,2013-01-02,True,job hunting,2025-05-10,0,1,1,Professional-focused
ilstu,https://www.reddit.com/r/ilstu/,5269.0,The UNOFFICIAL subreddit of Illinois State University.,2010-11-01,True,university,2025-05-10,1,0,1,Student-focused
Durhamu,https://www.reddit.com/r/Durhamu/,3887.0,"Your unofficial hub for all things Durham Uni! From collegiate drama to midnight library sessions, pub crawls to formal dinners - we've got the lot. Share your Durham moments, ask about accommodation, or just come for a virtual cuppa. Whether you're a fresher finding your feet or a postgrad buried in research, this is your space to connect. Bonus points if you've ever gotten lost in Palace Green!",2011-05-20,True,university,2025-05-10,1,0,1,Student-focused
